relative_time,DecibelSource,PitchSensor
0,25.658478186735177,0.0
17,25.658478186735177,0.0
77,25.14547752660286,0.0
152,18.260748027008265,0.0
212,16.989700043360187,0.0
277,17.781512503836435,0.0
350,59.1387846212237,0.0
410,54.257460992957306,
477,54.77192183692665,196.54079861111114
549,54.537004733597726,196.82573784722223
611,54.11394083565615,196.98040674603175
677,53.314151482534406,196.98040674603175
749,54.36547455501096,196.89513888888888
811,54.090382651515355,234.46744791666666
877,52.202545723151,234.3707837301587
949,54.02216660720335,234.3707837301587
1011,54.508062493884275,234.3355654761905
1077,57.945459022627716,295.1796875
1149,56.794678716702066,196.18055555555554
1211,55.744202213582874,197.00926959325398
1277,57.12152840490958,197.00926959325398
1349,54.26093031278279,196.67440476190475
1411,56.58266171640702,196.8381696428571
1477,57.570352323246155,196.2455357142857
1549,58.85660259997571,196.82924107142856
1611,58.189381330308194,196.82924107142856
1677,56.91305215555427,197.21498325892858
1749,60.94152366018126,197.21550807823132
1811,60.47304857985508,197.5
1877,59.38931809164204,197.5
1949,58.10532252524213,197.15547495039684
2011,59.95980299624232,197.0248015873016
2077,57.000032636680196,
2149,57.708306644395805,234.28385416666666
2211,58.31099642273078,234.28385416666666
2277,63.68342307385143,197.08705357142856
2349,58.72886090041381,274.41666666666663
2411,58.67310123359598,197.75468750000002
2477,56.969693859463916,197.75468750000002
2549,56.89851166461107,221.07421875
2611,58.07347605122697,220.73842592592595
2677,59.97558058441237,262.0435267857143
2749,60.73871517505094,261.26060267857144
2811,59.02578303926943,261.26060267857144
2877,60.60279583367639,262.32852564102564
2949,63.034004086291155,218.06510416666669
3011,61.58800486354181,
3077,60.48615797249784,
3149,59.99550707181274,220.73474702380955
3211,60.528227878689975,220.43782552083334
3277,59.87395416642742,219.4681581439394
3349,59.85326309824255,220.27256944444446
3411,61.88221512509457,220.27256944444446
3477,59.2285048774807,220.5359375
3549,61.57336466711201,220.3265625
3611,61.138187253177634,262.1393973214286
3677,61.61868201023523,
3749,58.4341468259229,
3811,59.420745570279365,220.98853880494502
3877,58.8057637986494,220.9936755952381
3949,58.39168714537719,184.28255208333331
4011,56.51837002128897,184.28255208333331
4077,53.0086493239685,
4149,63.079179329283605,428.71744791666663
4211,57.17054399690515,379.734375
4277,58.25995066693082,442.84722222222223
4349,59.27716223489735,442.84722222222223
4411,57.07591464521357,442.05078125
4477,60.12436899028431,
4549,59.06886450351041,220.8608940972222
4611,58.585137378158116,220.8608940972222
4677,61.86098194285721,221.84244791666663
4749,60.662580731985926,221.73828125
4811,62.20461397206964,176.14453125
4877,58.77065388825976,
4963,55.45373925862449,221.60156250000003
5011,55.26284987186398,221.60156250000003
5077,54.04714012668899,222.23958333333331
5149,56.56432662097579,220.95263671875
5211,55.36651856337447,
5277,54.22304155433038,
5349,54.46659858125153,221.9921875
5411,54.85177508283391,
5477,53.68126901154091,221.1484375
5549,52.75921472398663,221.1484375
5611,50.62307408295206,
5677,52.34858814426101,220.81770833333334
5749,52.00910660665566,176.625
5811,51.20159179400983,218.857421875
5877,48.29554626069943,218.857421875
5949,48.30511682042363,257.1116071428571
6011,59.30049982280319,256.94419642857144
6077,52.373577157182105,
6149,51.15773549493738,
6211,54.321496083097315,197.31770833333334
6277,52.14941818068753,157.4155505952381
6348,52.26540620608709,197.33779761904762
6411,54.67781196994903,197.20225694444446
6477,53.655534985133436,197.20225694444446
6549,53.12295861181517,197.09157100340138
6611,56.241108200617504,197.00633680555552
6677,54.43630612732107,246.3671875
6748,55.7264742982213,246.3671875
6811,49.669485358450146,197.958984375
6877,49.21982838837776,158.11135912698415
6949,52.88043434843581,
7011,50.69327630507541,196.84920634920636
7077,56.75782006590958,196.84920634920636
7150,55.349115698763256,252.30803571428572
7211,50.964476776732724,
7277,55.23310653451132,314.69828869047615
7348,53.96690920369394,314.69828869047615
7410,59.42658758855258,314.3317522321429
7477,53.73140131669323,
7548,54.763518723822806,627.2591145833334
7610,52.884593893433475,313.7410094246032
7677,51.63557905202608,313.7410094246032
7749,54.092820387373905,430.70963541666663
7811,52.33889177828593,297.5859375
7877,62.76044083202897,
7949,60.41488614162005,351.375
8011,58.83645539116965,351.375
8077,56.841341158595455,
8150,55.84665864071509,195.84479166666668
8211,56.76183127997124,196.44940476190473
8277,59.30533375937021,196.44940476190473
8349,54.90572241926688,196.48490646258506
8411,54.790870483080376,234.0849888392857
8477,55.662465256401376,233.89769345238096
8549,55.76538293227145,196.30208333333334
8611,61.78244932799542,196.30208333333334
8677,57.52709762731123,234.27256944444443
8749,56.036866312932574,234.05929129464286
8811,57.91557323304201,234.29755140692643
8877,57.98270730569482,234.29755140692643
8948,59.569867652987014,234.05612244897958
9010,56.779188757884576,197.06803385416669
9077,56.719509121794005,234.0293898809524
9149,55.33825420724255,196.91579861111111
9211,55.514268187162436,196.91579861111111
9277,60.64894684822784,234.05133928571428
9349,56.87832058962527,234.20386904761904
9411,54.422868806717105,196.83423520923517
9477,56.68887954142188,196.83423520923517
9549,56.627701050478535,233.96354166666666
9611,54.73847394369729,198.1580171130952
9677,55.737207809775,196.26065228174602
9749,54.606558327385464,
9811,58.78721088636796,
9877,55.272444062420746,233.84453125
9964,52.34603324012363,196.75373263888886
10011,51.642755087839554,
10077,47.43760548325352,98.03632023358587
10149,49.84284220430386,98.03632023358587
10211,52.70913966813044,
10277,49.782261816745255,131.88621031746032
10349,50.20651268004342,
10411,48.00923181813218,
10477,49.975960534463994,221.19831526360545
10548,54.98830017663434,177.37413194444443
10610,49.72434276957365,262.49314081101187
10677,50.03585459972682,262.54960317460313
10749,51.027046264065675,262.54960317460313
10811,50.14264254610619,221.4563301282051
10877,56.24381116067194,220.87930689102566
10949,51.77328681426474,220.6929976851852
11011,49.71438214823972,220.6929976851852
11077,49.75017997632882,220.9065104166667
11148,51.07576251113702,220.675533234127
11211,57.02604564044198,262.0516493055556
11277,55.61785693229658,263.2831101190476
11348,54.61653068501089,263.2831101190476
11411,53.55167900481789,262.3078703703703
11477,52.12922352320419,221.625
11548,54.44122899412919,221.16201636904762
11610,52.132839453569,221.16201636904762
11677,56.75078692565448,235.8931671626984
11748,53.70548246229069,260.84375
11811,53.304888551569334,220.79613095238096
11878,50.48907701483771,220.81833964646466
11949,49.23518604928256,220.81833964646466
12011,58.548232426608664,220.84707754629628
12077,57.22175532930816,
12148,54.974908253509184,220.72879464285714
12210,52.41252535105694,175.10499043367346
12277,55.93872854295451,175.10499043367346
12348,57.02003787623753,175.6109375
12411,60.97886944568777,221.46138392857142
12477,59.40727106518554,220.6684027777778
12549,58.26506937516302,220.6684027777778
12611,58.19264844581342,220.836328125
12677,56.070731051234546,220.6571534863946
12748,60.967585046681776,
12811,59.39115220788647,175.67633928571428
12877,58.745774795121555,175.67633928571428
12948,57.92573074632243,175.09561011904762
13011,57.45042765088695,
13077,59.159983584844696,220.46571180555554
13148,57.08327402022012,220.46571180555554
13211,55.22435104096932,220.11328125
13277,57.102984950135216,220.8083333333333
13348,54.318347985631775,
13411,53.38713408369728,1664.375
13477,53.638262541705316,1664.375
13548,59.77119744913775,
13610,58.16379191460916,393.69791666666663
13677,58.0986395084684,
13748,57.59250721735935,
13810,58.13228606805041,393.3625
13877,57.94459464540875,
13948,61.593526998549635,196.71019345238096
14010,61.76002653943344,
14077,65.59002999147195,
14148,60.982940732075086,155.62858072916669
14210,61.162606345674384,
14277,65.93055009649683,155.76817602040816
14348,62.23958803219371,
14410,62.75944708999322,
14477,63.105775558457154,313.43526785714283
14548,63.329748357341266,467.19075520833337
14610,62.44467129465146,467.19075520833337
14677,60.75680148939093,
14748,59.763641953798164,156.48741319444443
14810,65.13924551354309,
14876,69.8885479166918,233.58984375
14963,70.36626220930187,196.63194444444446
15010,69.35082134417287,196.63194444444446
15077,69.17429199356272,156.6050347222222
15148,66.9824438728672,
15210,67.32406547194456,196.576171875
15277,65.4727935189324,196.576171875
15351,65.12415680089522,
15412,68.34781787347077,393.078125
15477,68.07442544615357,313.67578125
15547,66.73108402659277,
15610,67.29990702852906,
15676,67.41550005381386,197.89973958333334
15748,64.86896970811588,197.25945560515876
15810,71.58397053322537,
15876,69.14562312086811,157.66666666666666
15947,67.64324783663868,157.66666666666666
16009,69.1335887604517,234.97509765625
16078,67.97445516609861,197.19234664351856
16147,68.07822771201967,234.08680555555554
16209,68.48303496942572,234.08680555555554
16276,68.22454593033271,197.72274925595238
16347,71.8633774555081,
16409,67.21087865658384,197.51575520833333
16477,71.24173944177626,197.51575520833333
16547,67.95024274809707,234.01236979166663
16609,68.27829174802321,
16676,68.50507594097978,393.4505208333333
16747,66.81441328648506,
16809,69.88966752477847,
16876,68.07471570438577,234.17708333333331
16947,66.78675315814841,197.23400297619048
17009,66.90104425358837,
17076,67.80629488617102,
17147,67.36300867274552,197.27203525641028
17209,67.68019660815447,
17276,63.73555974139926,467.8359375
17347,65.27268267849843,
17409,64.68863302429739,
17476,64.81319632649769,332.55208333333337
17547,64.76677323710592,332.3070126488095
17609,64.58986051339267,416.78125
17676,65.90206529398276,
17747,67.63801700377228,
17809,64.28860981614426,262.39872685185185
17876,64.0774856141873,
17947,66.48389678624318,262.6875
18009,66.351126284239,
18076,66.16517733452224,
18146,65.09890931522085,442.26674107142856
18209,67.67012339593376,524.9576822916666
18276,64.80101988401245,443.11751302083337
18347,66.20560352271394,443.11751302083337
18409,65.5572643741766,263.9696180555556
18476,67.32826471442628,352.5651041666667
18546,67.20967331658971,
18609,63.378269081323566,
18675,70.70554462075988,442.80989583333337
18746,67.44460799643767,263.046875
18809,65.61774257192202,264.2161458333333
18876,66.9846410415852,
18947,65.16994412501747,
19009,67.14891463949877,350.64583333333337
19075,66.0259970102121,446.263671875
19146,70.3949989873749,397.52604166666663
19209,65.22274395071646,
19275,66.84635611372278,
19346,66.74760313951938,175.935546875
19409,65.46715976547092,176.042543579932
19475,68.86860000451873,
19546,65.96795286587297,
19608,65.3873292080621,175.86755952380952
19675,65.01508394536552,
19746,65.84023490107428,351.47098214285717
19808,63.290759549844566,176.06124084249083
19875,66.20666881958084,176.06124084249083
19962,64.9254919515798,
20008,64.08055860078642,350.40525793650795
20075,64.04667490231124,441.3671875
20146,65.39771542520813,441.3671875
20208,63.825530023400326,
20275,65.54046523507459,350.9082961309524
20346,63.8222909229441,176.45376275510202
20408,67.45353010223323,220.78703497023812
20475,64.69678159711557,220.78703497023812
20546,63.96951472543794,
20608,65.58691654313677,175.97451636904762
20675,64.79444440712871,
20746,65.62246933899003,442.28794642857144
20808,65.01492244779296,442.28794642857144
20875,64.79696642329156,
20946,64.77956467962247,441.3194444444445
21008,67.62870690906342,
21075,63.88298401831175,
21146,63.562792811188935,314.0708705357143
21208,64.12336709646767,390.2018229166667
21275,62.63641748696776,
21346,68.17120336814405,234.45833333333331
21408,64.41128691421133,234.45833333333331
21475,64.02682229131338,198.45930989583334
21546,67.0039103370009,
21608,62.94666352323659,234.88032670454547
21675,67.164340837119,234.88032670454547
21746,65.21178110206296,235.4203125
21808,63.976852636893184,312.438244047619
21875,64.7406700435316,313.57204861111114
21946,62.45194726864351,
22008,64.2492963494763,
22075,64.5504717886559,589.55078125
22145,65.4890375547882,
22208,65.03731729366139,196.7788825757576
22275,65.32923733551873,
22345,65.01287583546515,
22408,65.47833017502485,1177.2265625
22475,64.97353777042176,
22546,65.51462685042087,235.07734375
22608,63.91082671537701,235.07734375
22675,63.34794819843932,312.68960336538464
22746,64.67120267702458,
22808,65.62958431049525,234.97674851190476
22874,64.78616559214889,
22946,64.75407481360234,
23008,64.492456846008,328.5208333333333
23074,66.02783357470989,196.7599103009259
23145,63.25700548071816,
23208,65.0582071650707,
23274,69.55480124280663,197.05360243055554
23345,64.26604616510885,234.49166666666665
23407,64.71616136945295,235.33810763888889
23474,64.854245571437,236.59895833333331
23546,65.01447213894564,236.59895833333331
23608,64.42882049818026,234.95806464947094
23674,65.76043808422615,235.525390625
23746,64.25065764576468,235.14322916666666
23807,64.70231384759904,235.14322916666666
23874,65.80071849613365,235.28255208333334
23945,67.40254576193817,313.01264880952385
24008,65.98934008080137,234.587890625
24074,65.90699423454336,234.62276785714286
24146,64.71419926379832,234.62276785714286
24207,64.87904857975363,235.828125
24274,66.27827868067445,235.10416666666669
24345,64.81293968283674,313.02473958333337
24407,66.68176454232741,235.16953125
24474,65.64486984406221,235.16953125
24546,65.9061816790265,234.36755952380952
24607,62.42357534727428,233.71372767857144
24674,66.24924912126023,
24746,65.4650688206105,
24807,63.45512329749381,392.94270833333337
24874,67.23661933450322,
24961,64.79073357543109,526.8098958333333
25007,68.42998494980048,312.4830729166667
25074,68.09286999825014,312.4830729166667
25145,62.53107467556744,
25207,66.28971719694995,263.002025462963
25274,65.44504353107057,263.39626736111114
25345,66.37700621334137,263.39626736111114
25407,67.46145069898346,263.42013888888897
25474,65.84185643460043,176.26322751322752
25545,66.8481368570578,262.82421875
25607,65.21690803242659,264.5982142857143
25674,68.67398655273685,264.5982142857143
25746,69.0991893064848,
25807,67.28992090893571,263.3294270833333
25874,67.29357343638671,
25945,68.62091229079921,
26007,68.21958141436545,437.55208333333337
26073,66.66356306808288,
26146,65.8108145307939,527.6796875
26207,67.80454492957759,625.6640625
26274,68.34192368822525,625.6640625
26346,68.41798424150093,529.2122395833334
26407,63.514360485689764,
26474,70.81693309122417,176.14930555555557
26545,64.81990096330233,201.11018105158732
26607,62.76589546089343,201.11018105158732
26674,66.79390734678475,
26745,64.7287341524356,443.41145833333337
26807,66.64164741537591,444.6809895833333
26874,67.32469754707944,444.6809895833333
26946,62.35296845606072,442.875
27007,68.32845360572996,263.701171875
27074,67.36530993208929,262.5364583333333
27145,69.7906136415425,
27207,67.2816451827539,
27274,65.80149849534725,526.6687499999999
27346,65.33898719724931,441.41517857142856
27407,64.85051159304356,525.8498263888888
27474,69.45753146805764,525.8498263888888
27545,67.50197026024321,441.853515625
27607,68.48210122783863,315.69642857142856
27674,66.63077675614215,
27745,66.3245911439551,526.8888888888889
27807,69.86098190109712,526.8888888888889
27874,66.57407546343318,421.1875
27945,67.80072727565135,
28007,66.40521485621801,441.4044270833333
28073,67.67932965853764,441.4044270833333
28145,67.78058952999295,441.346875
28207,68.5515272794366,442.66145833333337
28273,69.68672922508024,441.6015625
28345,68.13522211405291,233.78869047619048
28407,66.43468567425363,233.78869047619048
28473,66.71147099123534,
28545,67.64560996384387,623.06640625
28607,67.68081448199297,625.1399739583333
28673,67.18956919647567,623.544921875
28745,71.04410283559403,623.544921875
28807,67.29333775149644,
28873,69.91957953915217,208.76041666666666
28945,66.65810365489324,263.8495163690476
29007,68.31070679670493,263.8495163690476
29073,67.27460327576657,
29145,66.09406992597738,263.74479166666663
29207,71.98045400649033,178.2175099206349
29273,68.0086232274756,
29345,67.89528678312392,
29407,67.37720077590518,178.60491071428572
29473,66.19777848673984,
29545,65.22809382912845,316.1220238095238
29606,66.94178854722473,316.1220238095238
29673,69.00249443490851,312.77948288690476
29745,67.37005760425072,315.8102678571429
29806,66.29241557839548,314.28348214285717
29873,67.4743060877904,314.0736607142857
29962,68.74322218495708,396.90755208333337
30006,66.8027031901572,396.90755208333337
30073,65.55042305915737,
30144,68.58013262063714,530.4166666666667
30206,69.87614253707338,530.4166666666667
30273,67.59817518314864,
30344,68.4303876651642,2209.53125
30406,67.8944123611988,2404.84375
30473,68.1905218064936,
30545,63.12963749871025,
30606,69.52050846716203,1597.5
30673,67.85105510263244,
30745,67.32291205962768,3612.1875
30806,68.12082324630444,
30873,68.06306918706487,
30944,72.67912917493368,2274.0625
31006,67.27161123706378,1442.96875
31073,69.9087282406218,733.125
31145,69.9635824103606,733.125
31206,70.17072758085851,
31273,68.50862226123718,514.8697916666667
31344,67.26036433208037,
31406,69.53534950207442,737.5260416666667
31473,65.37279605559658,737.5260416666667
31544,71.26361681443451,
31606,68.1109782413344,962.265625
31673,68.82198894254155,
31745,67.03502712005441,
31806,67.09100366407446,2939.21875
31873,72.45400921313072,2237.65625
31944,67.0176358936864,
32006,67.75214706662722,1582.03125
32073,67.85497326465666,1582.03125
32144,66.3934263029983,1029.0625
32206,67.18746834121986,
32273,66.6712481988037,318.07142857142856
32344,66.46499201692714,318.07142857142856
32406,64.37723141171713,470.08333333333337
32473,69.08347899581554,419.94357638888886
32545,66.20881942348132,
32606,67.15875124318859,2212.65625
32673,67.72566148645882,2212.65625
32745,65.90694519572281,2291.25
32806,70.04499312064075,
32873,65.4361552199263,193.939453125
32944,67.06457810437234,
33006,66.04222704034507,
33073,66.99572560596863,529.1369047619048
33144,66.03525864307036,
33206,67.4798843834684,1579.53125
33273,66.01016649468042,1579.53125
33344,63.88218644221699,
33406,69.9698900233387,146.72916666666669
33473,67.01249183991902,
33544,67.72467816366654,1244.6875
33606,67.98502863517302,1244.6875
33673,67.13108246138395,826.4453125
33745,68.777731990836,555.2994791666667
33806,66.94692224582613,
33873,68.08054044718227,
33944,66.03218878598793,2282.03125
34006,68.01930718311927,
34073,67.02778521935619,318.11607142857144
34144,66.59977871209225,411.4583333333333
34206,64.74089600672666,411.4583333333333
34273,63.88722700475175,
34345,68.54782411046737,294.5538194444444
34406,67.73686779778623,
34473,68.52240394630348,320.1116071428571
34544,69.02152909282908,320.1116071428571
34606,66.67202858027125,
34673,67.7423038281724,1593.4375
34744,65.26621477098108,1608.59375
34806,66.36783577299104,1608.59375
34873,67.75262071852144,1670.15625
34960,65.88200644847801,1615.625
35006,67.75640443504692,839.609375
35073,65.47687714750167,
35144,64.01347112380368,
35206,64.30666080985355,332.2366071428571
35273,68.94164587149666,
35344,66.31207887121697,966.640625
35406,65.46940748755434,966.640625
35473,66.63352407929985,
35544,64.63962679450086,325.1272321428571
35606,66.08987039501588,
35673,66.63340905291109,1303.90625
35744,66.34214296288962,1303.90625
35805,66.03014714740146,
35873,65.13259828490536,1240.3125
35945,66.24889270843903,
36006,63.52086383626759,
36073,63.364583328963285,1195.78125
36144,68.52014036125591,775.8984375
36206,67.89264252845756,
36272,66.15370676161791,410.0260416666667
36344,66.68995178936731,410.0260416666667
36406,66.75543814314601,
36472,64.29007205609756,1561.09375
36544,66.44508799657484,1456.875
36606,67.3723869456797,1456.875
36672,67.4533193337823,
36744,67.54470043446997,1156.40625
36806,65.49849066748307,
36873,65.08518945641212,704.0625
36944,65.23198442038907,704.0625
37006,65.04488261111064,
37072,72.84996684928959,817.2786458333333
37144,67.06363974086337,
37206,67.31846364795658,2435.0
37272,65.80469582705226,2435.0
37344,67.5962622595473,1238.75
37406,65.37638542101534,
37472,66.47101761447627,534.7135416666667
37544,69.38028614782718,534.7135416666667
37606,66.79115237437213,
37672,66.9734574947364,233.9453125
37743,66.48392899003143,
37806,66.8263272917818,1557.65625
37872,67.67472006457497,1557.65625
37944,64.41197100016332,
38006,70.46806277741314,338.36830357142856
38072,67.63731070261181,
38144,67.26744238251183,
38206,67.00758735829267,224.96930803571428
38272,66.23481472466739,
38344,65.94806424714682,738.765625
38406,65.20896145695153,
38472,66.65053702064665,
38544,65.80590177737197,1642.8125
38606,67.31334640665808,
38672,65.57801484061797,749.4791666666666
38744,65.48759669840922,749.4791666666666
38806,67.00533426484193,847.3307291666667
38872,61.82857851723385,849.8046875
38944,68.83137183726375,857.1875
39006,66.42230294212489,966.5625
39072,65.69771031355933,966.5625
39144,66.19509990755903,561.2239583333333
39205,65.85539346614125,
39272,66.99854195804755,1562.96875
39343,63.989011671475325,
39405,65.17244208873878,
39472,66.2143968771789,1627.34375
39544,65.35145953504525,2236.40625
39606,65.05806623489914,2446.40625
39672,65.14750641642927,2446.40625
39745,61.65982266612653,
39805,62.97874266038981,338.24479166666663
39872,68.19510111896946,
39959,65.559452673105,322.5859375
40005,65.9949476147433,322.5859375
40072,64.83660172456935,
40144,65.05679223545116,424.65234375
40205,69.96831627547714,
40272,65.17299113126057,
40344,67.3221534074127,1663.125
40405,66.1771151891016,1666.5625
40472,66.94939696175916,
40543,65.5995172710721,799.6875
40605,64.40463859439429,799.6875
40672,63.59638013629882,
40745,63.915596182197135,395.1041666666667
40805,66.568563568251,557.6888020833333
40872,65.17757872948246,557.6888020833333
40945,66.4108366493497,
41005,65.3642131516704,134.0264601934524
41072,64.79908999946215,
41143,65.7237594506209,238.60863095238096
41205,63.53531174235339,238.60863095238096
41272,65.07328598783764,
41344,65.13674434670713,320.2455357142857
41405,64.85459777506452,316.92857142857144
41472,64.62340187958411,317.6897321428571
41544,63.65618627975476,317.6897321428571
41605,62.23488931969189,311.79017857142856
41672,63.616643866238206,
41744,66.6202259111109,161.75662202380948
41805,65.54219171467118,161.75662202380948
41872,66.07068168028201,
41943,65.79280437963348,224.83258928571428
42005,64.80412430666435,
42072,65.96937361209658,398.4375
42144,66.40252005288109,398.4375
42205,65.8930572088891,
42272,65.35815213908302,1573.75
42344,63.612842515391854,
42405,65.3446475046535,
42472,64.72190913523383,563.6783854166667
42544,61.86475182487459,317.50669642857144
42605,69.9861726581701,334.91294642857144
42672,66.29550670921157,
42743,64.91927728866231,
42805,63.83712343417929,1652.34375
42872,65.12643845944977,
42944,67.02603788828347,1603.59375
43005,63.43129019087592,1603.59375
43071,64.89645787294373,
43143,65.48676068440317,822.6692708333333
43204,66.44040451471896,
43272,63.91004306239247,310.8359375
43344,63.86233670617818,310.8359375
43405,64.68364317789249,
43472,62.500189487414886,779.9609375
43544,66.94086982742469,559.19921875
43605,64.52777735264982,309.59722222222223
43672,65.04111996539307,309.59722222222223
43744,64.06754039091625,
43805,64.45344950168919,1608.59375
43872,68.32105342320888,
43944,64.5307543422927,
44005,65.5516218839537,269.2001488095238
44072,64.79203042206541,
44142,64.59090487797506,1594.0625
44205,62.65557381811802,
44272,62.96670454405166,
44343,63.066357968795586,792.734375
44405,62.5028139633591,477.19791666666663
44472,65.00589641555234,324.4977678571429
44543,64.18086411586121,324.4977678571429
44605,63.35211697276285,421.08010912698415
44672,64.83305520323151,
44743,63.60216697600691,1635.625
44805,60.89864857890272,
44872,66.91417917894098,
44958,64.60685302038225,218.87239583333331
45005,66.12377548412883,
45072,67.28306047593277,394.763671875
45143,64.1099778209786,393.79557291666663
45205,42.77058835755107,393.79557291666663
45272,42.448706220652426,
45344,65.29073172287485,262.1484375
45405,61.047154655817224,
45472,50.62578224086501,
45543,62.198343439368756,387.11458333333337
45605,36.64359874551141,
45672,36.2293896921149,784.7265625
45743,36.92670699156369,787.3111979166666
45805,68.88817488523055,787.3111979166666
45872,67.42434850208008,
45943,65.39478199817933,274.31510416666663
46005,69.80887749124264,
46072,62.61510524498312,
46143,64.4234099215884,410.8984375
46205,61.82966443549947,389.27734375
46272,68.41741093893225,
46343,64.21083119361158,416.71223958333337
46405,68.12639999180449,416.71223958333337
46472,61.09172408138051,386.75399305555555
46544,67.08807343728172,401.8359375
46605,68.61356714016891,392.1168154761905
46672,61.52322903061871,392.1168154761905
46743,68.92899305940999,
46805,63.331636309231946,851.1458333333333
46872,66.46060370443243,
46943,65.59607540832565,356.34375
47005,64.46697435032208,356.34375
47072,45.073835557363864,374.287109375
47144,38.75408560077064,
47205,42.12932991708014,738.984375
47272,43.248994970523135,740.0
47343,41.204423068733064,740.0
47405,40.85789890327987,739.3359375
47472,39.59613711071044,739.6875
47543,39.334872878487054,742.65625
47604,43.14309722244847,742.65625
47672,63.9622114848034,401.1328125
47744,68.29786182907772,
47805,59.03235993965437,103.51190476190476
47872,66.91317415337764,
47943,68.44226902805539,
48005,65.35202186757984,424.35677083333337
48072,62.25999209943712,374.8567708333333
48144,61.57261790524057,
48205,67.86132111144887,
48272,65.2152197681452,402.10286458333337
48343,67.29853928206225,320.77752976190476
48404,63.86621478169939,
48472,66.129668573937,381.8385416666667
48543,61.336793926843015,381.8385416666667
48605,64.48167212993454,385.2223186728395
48672,66.48734026297598,
48743,67.73345419538836,423.0703125
48805,66.73064242208072,423.0703125
48872,66.86891320022892,339.84375
48943,57.663704567123744,391.015625
49005,60.506438105497374,
49071,50.71362751909951,330.1733630952381
49143,58.64892404520566,330.1733630952381
49205,64.63266915090956,
49272,62.59595551083705,490.71986607142856
49343,55.687518730651306,363.93229166666663
49405,62.710784825691526,363.93229166666663
49472,54.560774199372545,
49544,63.11315532130425,503.1640625
49605,62.56423307072271,350.9350198412698
49671,68.55725593330797,
49744,70.7149011900798,
49805,67.48062761516019,203.30729166666666
49872,64.1234007070407,
49959,61.11333769755988,502.30078125
50005,69.47602064148471,502.30078125
50072,62.93858008643748,535.7924107142858
50143,66.00142261973696,402.30208333333337
50205,63.31765489320673,336.4732142857143
50272,67.98283860445244,407.2439236111111
50344,66.56295267550743,407.2439236111111
50405,60.93952320883684,
50472,67.45830633839753,410.9895833333333
50543,65.97560489882224,505.50520833333337
50605,66.79458968453037,505.50520833333337
50672,63.91685646415587,319.66264880952383
50744,67.01721817205112,403.443287037037
50805,60.94283464499864,384.45963541666663
50872,52.38304594577622,
50943,41.420764610732846,
51005,44.343453125628294,275.8091517857143
51072,44.28442580279988,
51143,42.01233208680875,739.6875
51205,40.00911062131223,739.765625
51272,38.785217955012065,739.765625
51343,38.90029586163417,740.546875
51405,41.02433705681336,742.3177083333333
51472,69.39033219878759,
51543,64.49504162962577,
51605,64.15371547032173,284.08482142857144
51672,63.442417183732765,
51743,66.64507812362177,384.73379629629625
51805,62.76906441094867,
51872,65.43663962554933,
51943,66.5044750467492,1133.28125
52005,65.9219319585287,
52072,64.52280145581345,378.31349206349205
52143,63.12109624923437,368.5904017857143
52205,64.61871883517495,368.5904017857143
52272,63.488591597001474,
52343,63.81420875252371,284.15234375
52405,61.896261673867386,
52472,66.84866358018836,
52544,62.31342137903896,417.5729166666667
52605,68.07813103963956,
52672,63.5265882263819,1197.5390625
52744,53.536239113983385,
52805,67.23218592559833,
52872,60.24687580004005,462.8984375
52944,67.53425474089548,
53005,66.49654911213221,497.12239583333337
53072,62.31823202735402,497.12239583333337
53143,63.68944431356444,
53204,59.62025837268751,1242.5
53272,59.72736812571115,
53343,61.20705515658274,148.08854166666666
53405,67.22671181427995,148.08854166666666
53472,66.24395142107757,184.25083705357144
53544,66.3560708099717,
53605,66.37631302446724,406.4765625
53672,66.86884353900878,
53743,71.21406878628517,
53805,60.5268394034255,1664.6875
53872,71.87283881173259,
53943,65.07101135383786,323.88206845238096
54005,67.31046404595031,323.88206845238096
54072,66.63608592670147,400.400390625
54144,65.90717255285955,406.953125
54205,67.70736208878931,397.197265625
54271,62.204015300920084,
54343,68.6515131193719,
54405,66.09916862515382,275.0876736111111
54472,69.50960869807042,
54543,61.915110960961584,307.390625
54605,60.497481586630364,307.390625
54672,61.37347463955341,
54744,69.87496132934506,3364.53125
54805,63.06182612863482,
54872,68.30895517288849,937.5
54959,67.95103499889524,
55005,61.04830791755003,
55072,65.42737065798312,1875.9375
55144,57.66168115696911,
55205,57.92820868523578,
55271,67.33298321139917,184.8671875
55344,66.47376220891174,233.18973214285714
55405,68.25048331526894,
55471,66.58789946779793,2414.6875
55543,66.8254370391901,2414.6875
55605,64.13126850276686,
55672,64.20952160829135,242.20446428571432
55743,60.37105240293644,293.54166666666663
55804,67.96401552318032,293.54166666666663
55871,65.43791745187335,338.21104910714286
55943,63.36561190799677,437.56640625
56005,66.85258552356034,387.578125
56071,57.15348903525219,399.26171875
56144,66.87203876723898,399.26171875
56205,69.2765702597217,
56271,62.75425845739527,1139.2838541666665
56344,62.343902160736434,
56405,67.87483428465174,
56471,59.644595199763764,400.59765625
56543,61.08193143660502,394.6223958333333
56605,57.01339121507641,
56672,62.59351820071677,380.81510416666663
56744,69.05734211568196,380.81510416666663
56804,65.19522830795678,249.00948660714286
56871,60.51422280289376,
56943,62.147890281502995,585.078125
57005,59.128101086475624,
57071,57.52368093883591,
57144,52.888593138109805,787.2265625
57205,67.45181633627791,494.82421875
57271,65.95787233878418,
57344,64.97628658953842,
57405,57.8203739501674,313.89453125
57471,62.65211342058716,393.32708333333335
57544,58.80073518565962,391.87847222222223
57605,60.64092429026279,397.09375
57671,64.08137486867795,397.09375
57743,60.112836384401405,487.86328125
57805,62.6254315989327,
57871,57.50403472676331,404.38802083333337
57943,61.79950572993077,
58005,59.01057081223213,
58071,62.897717279750864,400.4644097222222
58144,57.469850729517404,383.64583333333337
58205,62.297865005624296,391.158203125
58271,57.67655944691845,391.158203125
58343,61.999004661272146,394.69726562500006
58404,56.01863428599229,380.8358134920635
58471,53.17442769399983,
58544,61.73355581104787,1889.84375
58605,60.28246630466917,1889.84375
58671,65.09143491917783,
58745,59.27662361261267,244.66796875
58805,58.417922976135806,
58871,61.767919343527126,
58943,55.1263504176721,3383.59375
59005,57.75878295601413,
59071,61.45813678856019,123.88578869047619
59143,64.00632263368588,
59205,62.95316346214246,
59271,63.35192629249501,293.1828703703704
59344,64.32278357555944,295.0960286458333
59405,63.06967503093312,152.33482142857142
59471,60.017151121490016,152.33482142857142
59544,51.9152925867408,
59605,62.54370891355925,1218.125
59671,60.656286307844994,
59744,52.73121699701525,1966.875
59805,50.60032671844169,1966.875
59871,60.89043436092676,
59959,50.55102987042778,318.08221726190476
60005,51.10151828518272,
60071,66.86103529781109,2079.21875
60143,61.98348848408628,2079.21875
60205,61.46661889638058,
60271,62.25148718195321,297.53255208333337
60344,62.453391621254625,293.5017361111111
60405,62.72814543205318,293.5017361111111
60471,60.85130320052129,
60544,54.71743377126196,294.43359375
60605,56.36552082942099,234.57578125
60671,57.49044912711583,234.86458333333334
60744,54.76334469451756,234.86458333333334
60805,55.61882172807895,
60871,55.375874095612964,468.0460069444444
60944,53.2046825116123,234.60807291666666
61005,53.61824125423193,234.60807291666666
61071,54.380785373337616,
61144,56.15428164205956,465.1605902777778
61205,53.79684340153637,
61271,53.135150039005694,196.7265625
61343,55.16195473241978,196.7265625
61405,53.056630036500806,
61471,51.56549151331781,393.9348958333333
61544,51.82209155712067,
61605,54.70066329903049,
61671,51.67426633210038,468.1692708333333
61744,51.21077026481405,
61804,50.113547228581226,196.78968253968253
61871,49.97836174854314,233.84077380952382
61945,48.72733005791801,233.84077380952382
62005,48.67379087855645,196.36822916666665
62071,53.6489041905756,196.51484375
62144,53.59222486096058,
62205,54.82218791313271,
62271,53.59475001108376,611.8294270833333
62344,54.02524459414583,315.03125
62404,53.40501620347715,157.55305989583334
62471,50.771752465948374,
62544,49.552498685325276,
62605,50.45369927003762,512.23046875
62671,48.95947139711137,441.6875
62744,47.32369631681519,441.28580729166663
62804,49.345640954480814,263.505859375
62871,50.161638805861514,263.505859375
62943,49.749397890640324,263.732421875
63005,49.08034405724265,262.30902777777777
63071,57.30521459228237,
63143,51.44256542806504,
63204,53.30709966688919,786.171875
63271,52.806261674449104,
63343,54.194402339858556,220.1410590277778
63404,55.08948325176136,220.1410590277778
63471,52.301933788690455,220.6716579861111
63544,57.53067267385819,
63604,56.495130192269755,262.3207465277777
63671,53.57134093086434,
63743,56.2408192351335,
63804,56.144690352209004,174.99925595238096
63871,55.92221184226442,
63944,56.235077221115084,394.10807291666663
64005,67.23569197700384,351.96614583333337
64071,64.63759546058462,351.96614583333337
64144,64.14767343313856,258.9537037037037
64204,63.290360539295214,130.78671875
64271,63.9466982398454,131.465625
64343,63.410808114461375,131.465625
64404,64.07707118885219,
64471,64.10706222532522,262.7829861111111
64543,64.74802748391102,
64604,64.2059796319765,444.720703125
64671,65.29956220078762,444.720703125
64744,66.28544226425436,441.6765625
64804,63.18311313116365,441.87723214285717
64871,62.92001180932742,441.54375
64958,66.41025107514615,441.3216145833333
65004,64.86147563955379,441.3216145833333
65071,61.16922062078997,265.515625
65144,59.424639469448984,220.47699652777774
65204,61.59423707990557,219.7941017316017
65271,60.813707144215584,219.7941017316017
65344,59.88987689019643,
65404,60.48810680621963,176.08629261363637
65471,62.6645396281861,
65544,59.91527761233456,441.9552083333333
65604,59.0817768702792,441.9552083333333
65671,60.11514197339683,442.5658482142857
65744,66.05611853546111,
65804,66.8758513941337,176.20138888888889
65870,65.83740227172699,176.20138888888889
65944,58.49421256626718,175.65128348214287
66004,63.57333466304227,88.43191964285714
66071,62.972795673253366,
66143,61.61100754039956,309.9322916666667
66204,60.175354107640985,309.9322916666667
66271,63.31189938834466,196.6745205026455
66344,65.17812580487546,
66404,61.75441937935975,147.18547453703707
66471,62.152636396374525,147.18547453703707
66544,57.89189953399192,
66604,72.69490972097194,294.2574404761905
66671,62.177749555991554,
66743,71.05311249372636,262.58277529761904
66804,68.14312002422739,262.58277529761904
66871,68.13776677194343,
66944,62.012771987843365,307.1015625
67004,59.35746011772296,233.56684027777774
67071,59.10525156726959,
67144,60.18148544158238,
67204,59.8293031741835,173.49609375
67271,58.32122985596945,174.04513888888889
67344,61.73457836143656,175.58273237179486
67404,59.12216209198925,175.58273237179486
67471,60.324277582019555,261.97296626984127
67544,59.09469910590477,262.23719618055554
67604,68.10663371730269,262.4570707070707
67671,64.73992938496278,393.61979166666663
67743,65.00412956884252,393.61979166666663
67804,66.43922545991836,209.08035714285714
67871,60.76024422766986,
67943,61.80250638020729,119.05598958333333
68004,62.29911596763226,119.05598958333333
68071,62.629159868160414,116.77155671296295
68144,60.9205466045174,97.85308159722221
68204,60.78920229024696,
68271,61.28432550427367,295.7595486111111
68344,59.74375810536023,295.7595486111111
68404,58.90087204821591,294.4045928030303
68471,57.69584821992056,
68544,57.11087306079953,294.88560267857144
68604,56.15883798292251,294.88560267857144
68671,56.559303957913684,234.27734375
68743,57.54948898204176,
68804,62.653160316715045,260.9623015873016
68871,58.70424975659195,233.08244977678567
68944,56.4529549974456,233.08244977678567
69004,59.59229863859462,234.6171875
69071,58.55467061434132,196.76171875
69143,58.27607035888603,196.76171875
69205,58.509468907376394,
69271,61.5807437485816,468.26692708333337
69343,58.9814189229414,468.0091145833333
69404,57.87440636797007,
69471,58.41623471280262,467.66183035714283
69544,60.18983280383048,467.66183035714283
69604,59.38297517706181,234.14415922619048
69671,59.97583825531624,233.78238932291666
69744,65.31469081438202,272.98046875
69804,64.0582479392757,272.98046875
69871,63.110015626242856,232.73229166666664
69960,63.335266695712356,313.42795138888886
70004,62.16608683265031,261.57741477272725
70071,63.62240378590177,
70144,64.02541476553255,
70204,63.278387434715,124.69290865384617
70271,60.78813749856165,
70344,60.6145474103173,441.04166666666663
70404,59.75095732193911,
70471,59.29472570542886,
70544,59.08284446475985,524.37890625
70604,59.39211143701176,524.8424479166666
70671,68.37826098925132,262.75018601190476
70743,60.78740937845444,262.75018601190476
70804,61.38665458880965,
70871,60.387508676995,261.73714192708337
70943,60.88578666223145,
71004,58.03898014782039,175.88704427083334
71071,60.142756015346535,175.88704427083334
71144,60.27151377453783,
71204,58.889378635372964,440.984375
71271,59.631108391057055,263.23046875
71344,60.42348659347756,
71404,59.48907623173375,
71471,56.56335896405979,263.48229166666664
71544,63.56918972640224,310.0
71604,62.69667955011175,216.12276785714286
71671,63.88811413473523,216.12276785714286
71744,64.58445659522164,174.86024305555554
71804,62.4503641014934,146.76979993386243
71871,62.66318735073827,
71943,62.19469519867715,262.72135416666663
72004,62.56912245183912,262.72135416666663
72071,61.00935449743713,
72144,61.87357124573217,262.83110119047615
72204,60.92464482745417,
72271,59.35019292179753,
72343,59.48606594471396,440.3979166666666
72404,59.292017241684285,
72471,58.560306797413176,175.19609375
72544,60.780266608071386,87.83501041666663
72604,65.82377714702511,87.83501041666663
72671,60.958570500479425,
72744,60.93438846459948,220.44068287037035
72804,59.88558956878616,220.63671875
72871,62.90978565010981,220.63671875
72944,61.17567906986178,220.50151909722226
73004,60.10200702223821,307.083984375
73071,63.409243494668885,220.69661458333334
73144,60.57538687101776,176.10395408163262
73204,60.589109183017285,176.10395408163262
73271,60.658723821068534,
73344,64.29620841635723,245.59244791666669
73404,66.0298643833198,
73471,60.205282550078536,
73544,68.43689948548787,545.2213541666667
73604,66.90952422915281,305.18229166666663
73671,65.11107753827221,
73744,59.36700187698421,557.8431919642858
73804,71.82029123482681,557.8431919642858
73871,65.89154528170305,
73944,67.20824711595534,296.0024801587302
74004,68.18794064751889,293.081287202381
74071,66.21447994454827,213.90451388888889
74144,64.67395419383291,213.90451388888889
74204,63.565671442616605,
74271,68.43127525261633,236.02058531746027
74344,65.22016640790756,260.15919518849205
74404,65.86985188124766,260.15919518849205
74471,67.49587146119447,260.25483630952385
74544,64.94377112924818,
74604,65.34270740495748,396.4989583333333
74671,65.73938840027313,
74743,65.20645560513393,
74804,63.525340578165,587.75390625
74871,70.56830176742812,788.3854166666667
74958,65.50582006105448,783.1640625
75004,65.727192240384,783.1640625
75071,65.36697672232135,
75143,66.49807651175945,1181.0677083333335
75204,64.74795907969951,
75271,63.32693507768484,290.703125
75344,66.81741835055512,290.703125
75404,70.89144819379918,
75471,68.58306214200124,410.01302083333337
75543,67.91158505335261,411.92057291666663
75604,67.76254531613554,411.92057291666663
75671,67.82270192900272,258.5703125
75743,65.23156257629668,293.96484375
75804,66.44970151668716,395.8854166666667
75871,68.2405257716989,
75944,66.42249694152565,
76004,67.76108817925083,397.25911458333337
76071,67.57605684710418,397.62369791666663
76143,65.9314002202653,389.0234375
76204,66.79019213169627,389.0234375
76271,65.87711077239693,388.88020833333337
76343,67.49930931707708,394.73307291666663
76404,67.40731683003827,390.36458333333337
76471,67.394584162013,387.45442708333337
76543,66.6315776487417,387.45442708333337
76604,65.50292207999833,397.1875
76671,64.22024528166226,395.9583333333333
76743,67.99375843063058,395.71614583333337
76804,66.37358220444528,391.84895833333337
76871,66.46511943237677,391.84895833333337
76944,65.12633307589942,393.96484375
77004,64.11318625447446,389.68098958333337
77071,64.93215670751988,
77143,64.96643943255476,389.81770833333337
77204,62.56133484374672,389.81770833333337
77271,64.59041140173196,391.4388020833333
77343,63.783123056095015,394.8567708333333
77404,65.38799869965,391.69270833333337
77471,65.29971858038941,391.69270833333337
77543,63.78894420822693,391.75130208333337
77604,63.11333981384301,292.91666666666663
77671,65.72098590432468,292.36979166666663
77743,63.76109200011566,393.37890625
77804,64.53403202683954,393.37890625
77873,64.49946382745117,296.1669921875
77943,64.27840735472303,392.7708333333333
78004,64.01145231574128,396.8489583333333
78071,64.37848030388349,396.8489583333333
78144,64.82046494139907,393.29427083333337
78204,65.31409168857289,291.3948567708333
78270,65.06506250051245,381.2825520833333
78344,62.2816543734535,
78404,61.20630188438059,
78471,60.03941952909368,2085.9375
78543,56.3409016246521,
78604,61.95934228618949,319.07552083333337
78671,56.469288755022056,319.07552083333337
78744,55.08533758901165,193.7065972222222
78804,53.69453355252908,
78871,54.516544390522775,775.859375
78943,55.25134249525178,797.109375
79004,52.09405086595865,797.109375
79071,51.38971785621585,773.4375
79144,52.09780335663928,
79204,54.83896683957631,787.03125
79271,54.031600006978586,
79343,56.00096893093066,
79404,55.765878028614615,342.6674107142857
79471,53.456246273438985,
79543,60.73473830536471,318.68489583333337
79604,59.867175560083446,318.68489583333337
79671,60.84447936570206,
79743,63.26611509457433,2282.34375
79804,61.21057308230236,
79871,62.737122378786026,1585.15625
79956,58.64519980444298,
80004,59.477576063362974,
80071,59.66350613357665,1578.59375
80143,60.06169422676483,1702.96875
80204,61.60597269695178,1702.96875
80271,61.03318202523411,
80344,64.6019789959945,250.27734375
80404,59.782024366104565,
80471,65.31097081025041,195.921875
80544,61.72407337909088,195.921875
80604,62.92331844701346,
80671,62.124592865070966,319.50669642857144
80744,61.19003027250055,
80804,64.66678890999025,
80871,61.78483987857983,394.51953125
80944,62.68494661718382,394.64192708333337
81004,60.38693663944588,333.96875
81071,61.410224808963065,
81143,60.81478008613356,
81204,61.60620372580124,1566.875
81271,59.02041529867732,
81344,59.602447714444786,551.2109375
81404,65.36932607838531,551.2109375
81471,62.10135719110296,293.58333333333337
81543,63.186844745429305,
81604,61.93429054537236,782.921875
81671,62.090778192466736,
81744,63.74662761407695,
81804,63.49531423209855,349.40625
81871,63.47661514082064,
81943,62.21857956561779,1579.84375
82004,64.35939556468043,1579.84375
82071,62.85211986400115,
82144,63.693802642833546,2180.9375
82204,63.500081207161045,2157.8125
82271,63.5494106312963,
82343,65.54940180105784,
82404,63.7901855287184,1825.0
82471,63.76329995914049,1591.5625
82544,65.99359092988439,
82604,66.38671123363211,
82671,65.80727959639017,1171.875
82744,65.412697612828,
82804,68.5422828701767,318.26078869047615
82871,67.71423285062158,290.23065476190476
82943,66.00261332740637,290.23065476190476
83004,67.88739933821888,249.20572916666669
83070,69.04751077010013,263.94010416666663
83144,67.53623805599418,245.09151785714286
83204,66.31932075684283,
83271,66.58651866458686,
83344,67.57495404044457,156.171875
83404,66.41102322250956,
83471,66.98782696168878,1126.5625
83544,66.69999218859812,
83604,65.81220332252616,
83671,65.99586166337862,1172.5
83743,67.78854671769679,
83804,65.61667744630942,415.48177083333337
83871,64.87431390017113,415.48177083333337
83943,65.46521441752003,
84004,67.63158048079328,1201.71875
84071,66.9052070458843,1106.5625
84143,66.94607743277626,
84204,68.13207574989016,
84271,66.67486294218703,288.640625
84343,65.54202321914862,
84404,66.16820816615504,352.3065476190476
84471,65.35260058877488,352.3065476190476
84544,68.25873035775255,390.67708333333337
84604,67.94547017475799,
84671,67.90754328660799,303.8206845238095
84744,67.81310802912425,396.76822916666663
84804,66.21161216274525,396.76822916666663
84871,45.67426344852574,
84958,46.548212456042634,788.125
85004,67.6325274284832,1076.875
85071,56.62405532650265,1076.875
85143,63.570629070778644,
85204,62.36845239357116,269.84654017857144
85271,39.85606083052436,178.88454861111111
85344,39.88380565222008,131.03125
85404,40.314084642516235,131.03125
85471,68.35004859567556,195.7109375
85544,67.03445976634036,
85604,64.01167648250585,449.53645833333337
85671,67.94956037761756,
85743,71.21389966700647,
85804,66.86471366906088,1677.96875
85871,63.450446008456154,1945.9375
85944,66.2925410199978,1160.78125
86004,64.37481502215539,1160.78125
86071,68.31974657483676,
86144,65.74444866502895,569.0904017857142
86204,67.58389062539828,391.7864583333333
86271,69.54523503555988,390.48502604166663
86343,63.15275758355742,390.48502604166663
86404,69.34777471547223,
86471,62.86392016920966,776.875
86544,69.40313584168305,
86604,67.34151102812496,
86671,54.03120521175818,378.2666015625
86743,42.17009909804205,
86804,44.846556726169204,246.484375
86871,43.287872003545345,
86944,43.398487830376375,
87004,41.724569744005876,739.921875
87071,41.34782529381855,
87143,40.45987605660968,739.296875
87204,40.12752887491216,739.296875
87271,43.9022836246913,743.10546875
87343,65.70643913284462,
87404,67.6873183067404,751.1328125
87471,68.29367722006292,578.1947544642858
87544,68.00485713622989,578.1947544642858
87604,65.36300187831084,320.17857142857144
87671,62.31296245836329,376.34765625
87744,69.11007578047104,
87804,65.41203816347787,
87871,65.7115437415397,488.140625
87943,62.7685180468615,371.69531249999994
88004,66.33961251619822,377.2760416666667
88071,68.91388969363354,377.23090277777777
88144,64.27645613237873,377.23090277777777
88204,64.51245148504765,386.56138392857144
88271,64.36980989943747,369.8511904761905
88344,65.61749001542641,336.484375
88404,64.15541567785112,336.484375
88471,63.66631181858818,263.0199032738095
88544,62.418086217009275,
88604,60.62025505316672,1222.65625
88671,57.0678774162804,
88744,58.01665031377353,
88804,65.53082969957481,2447.96875
88871,59.80399285823833,
88943,54.25139524439413,287.9408482142857
89004,67.15306075624967,287.9408482142857
89071,50.19863713967843,331.63690476190476
89143,64.19933785513848,482.41517857142856
89204,62.769909073918484,
89271,66.86427739983456,859.1341145833333
89344,66.00067662553813,764.84375
89404,64.15819564291212,764.84375
89471,60.36791326245903,401.37760416666663
89544,65.9401865310092,394.24479166666663
89604,58.75913959171942,404.1076388888889
89671,66.80050816700783,404.1076388888889
89744,63.25811318067012,319.19940476190476
89804,63.29776679276246,
89871,64.81367516294884,2018.125
89959,61.32929510742631,
90004,66.16181963968886,
90071,56.62910751942996,1191.5625
